time,open,high,low,close
2022-01-03 00:00:00+05:30,4.457,4.475,4.334,4.4205
2022-01-04 00:00:00+05:30,4.421,4.473,4.374,4.465
2022-01-05 00:00:00+05:30,4.464,4.4695,4.4,4.415
2022-01-06 00:00:00+05:30,4.4145,4.4145,4.3115,4.3535
2022-01-07 00:00:00+05:30,4.353,4.415,4.341,4.409
2022-01-08 00:00:00+05:30,4.409,4.4105,4.397,4.3975
2022-01-10 00:00:00+05:30,4.3975,4.427,4.328,4.3505
2022-01-11 00:00:00+05:30,4.351,4.4315,4.35,4.425
2022-01-12 00:00:00+05:30,4.4255,4.5955,4.4175,4.5555
2022-01-13 00:00:00+05:30,4.555,4.573,4.515,4.539
2022-01-14 00:00:00+05:30,4.5385,4.544,4.412,4.4255
2022-01-15 00:00:00+05:30,4.425,4.439,4.423,4.4285
2022-01-17 00:00:00+05:30,4.434,4.445,4.381,4.43
2022-01-18 00:00:00+05:30,4.4315,4.4475,4.3755,4.395
2022-01-19 00:00:00+05:30,4.3945,4.4875,4.3885,4.464
2022-01-20 00:00:00+05:30,4.464,4.583,4.444,4.5675
2022-01-21 00:00:00+05:30,4.5675,4.577,4.4815,4.5205
2022-01-22 00:00:00+05:30,4.5205,4.522,4.5,4.518
2022-01-24 00:00:00+05:30,4.5175,4.5365,4.388,4.429
2022-01-25 00:00:00+05:30,4.4295,4.475,4.3875,4.4745
2022-01-26 00:00:00+05:30,4.4755,4.5325,4.4445,4.5005
2022-01-27 00:00:00+05:30,4.5,4.522,4.406,4.4155
2022-01-28 00:00:00+05:30,4.4155,4.4505,4.3055,4.3055
2022-01-29 00:00:00+05:30,4.3055,4.3315,4.2985,4.3275
2022-01-31 00:00:00+05:30,4.3285,4.356,4.285,4.3265
2022-02-01 00:00:00+05:30,4.3265,4.442,4.31,4.4235
2022-02-02 00:00:00+05:30,4.4235,4.503,4.414,4.485
2022-02-03 00:00:00+05:30,4.4855,4.4985,4.422,4.4695
2022-02-04 00:00:00+05:30,4.469,4.5015,4.414,4.4905
2022-02-05 00:00:00+05:30,4.4905,4.5135,4.486,4.5055
2022-02-07 00:00:00+05:30,4.508,4.5175,4.4305,4.4805
2022-02-08 00:00:00+05:30,4.48,4.4885,4.3975,4.4695
2022-02-09 00:00:00+05:30,4.4695,4.609,4.4195,4.6055
2022-02-10 00:00:00+05:30,4.606,4.698,4.579,4.6415
2022-02-11 00:00:00+05:30,4.64,4.644,4.594,4.6165
2022-02-14 00:00:00+05:30,4.4535,4.5175,4.4465,4.484
2022-02-15 00:00:00+05:30,4.483,4.552,4.4685,4.5355
2022-02-16 00:00:00+05:30,4.5355,4.59,4.522,4.531
2022-02-17 00:00:00+05:30,4.5315,4.552,4.4675,4.517
2022-02-18 00:00:00+05:30,4.517,4.5745,4.496,4.5295
2022-02-19 00:00:00+05:30,4.5295,4.5415,4.5205,4.5205
2022-02-21 00:00:00+05:30,4.513,4.5475,4.492,4.492
2022-02-22 00:00:00+05:30,4.492,4.54,4.47,4.502
2022-02-23 00:00:00+05:30,4.5015,4.551,4.464,4.4745
2022-02-24 00:00:00+05:30,4.4745,4.591,4.4455,4.479
2022-02-25 00:00:00+05:30,4.4785,4.5265,4.455,4.489
2022-02-26 00:00:00+05:30,4.4895,4.505,4.484,4.4855
2022-02-28 00:00:00+05:30,4.47,4.5305,4.4485,4.4795
2022-03-01 00:00:00+05:30,4.4795,4.6005,4.46,4.59
2022-03-02 00:00:00+05:30,4.5895,4.7005,4.5445,4.676
2022-03-03 00:00:00+05:30,4.676,4.785,4.6595,4.766
2022-03-04 00:00:00+05:30,4.7655,4.9435,4.7355,4.8915
2022-03-05 00:00:00+05:30,4.8925,4.921,4.8905,4.912
2022-03-07 00:00:00+05:30,4.9165,5.033,4.6675,4.7495
2022-03-08 00:00:00+05:30,4.75,4.961,4.601,4.7535
2022-03-09 00:00:00+05:30,4.753,4.7845,4.5505,4.5635
2022-03-10 00:00:00+05:30,4.563,4.674,4.559,4.639
2022-03-11 00:00:00+05:30,4.6395,4.718,4.6095,4.6175
2022-03-12 00:00:00+05:30,4.618,4.6265,4.5915,4.6085
2022-03-14 00:00:00+05:30,4.6085,4.6105,4.4945,4.5055
2022-03-15 00:00:00+05:30,4.506,4.5405,4.468,4.504
2022-03-16 00:00:00+05:30,4.504,4.632,4.4945,4.6275
2022-03-17 00:00:00+05:30,4.628,4.7125,4.608,4.6945
2022-03-18 00:00:00+05:30,4.695,4.756,4.6705,4.725
2022-03-19 00:00:00+05:30,4.7245,4.7305,4.7145,4.7145
2022-03-21 00:00:00+05:30,4.702,4.728,4.654,4.697
2022-03-22 00:00:00+05:30,4.697,4.763,4.6785,4.702
2022-03-23 00:00:00+05:30,4.702,4.783,4.687,4.7715
2022-03-24 00:00:00+05:30,4.772,4.813,4.707,4.722
2022-03-25 00:00:00+05:30,4.722,4.7705,4.685,4.6985
2022-03-26 00:00:00+05:30,4.6985,4.6995,4.6895,4.6915
2022-03-28 00:00:00+05:30,4.691,4.7385,4.6435,4.7265
2022-03-29 00:00:00+05:30,4.726,4.752,4.699,4.7455
2022-03-30 00:00:00+05:30,4.745,4.8245,4.7315,4.738
2022-03-31 00:00:00+05:30,4.738,4.769,4.7065,4.7335
2022-04-01 00:00:00+05:30,4.733,4.7525,4.671,4.7015
2022-04-02 00:00:00+05:30,4.701,4.7175,4.7,4.709
2022-04-04 00:00:00+05:30,4.712,4.8095,4.69,4.7845
2022-04-05 00:00:00+05:30,4.7845,4.8585,4.766,4.7725
2022-04-06 00:00:00+05:30,4.773,4.7895,4.701,4.7275
2022-04-07 00:00:00+05:30,4.728,4.7325,4.677,4.722
2022-04-08 00:00:00+05:30,4.7215,4.7705,4.7075,4.733
2022-04-09 00:00:00+05:30,4.733,4.737,4.7265,4.734
2022-04-11 00:00:00+05:30,4.741,4.745,4.634,4.639
2022-04-12 00:00:00+05:30,4.6385,4.736,4.6355,4.708
2022-04-13 00:00:00+05:30,4.708,4.7655,4.687,4.7255
2022-04-14 00:00:00+05:30,4.726,4.752,4.68,4.7235
2022-04-15 00:00:00+05:30,4.724,4.7345,4.724,4.732
2022-04-18 00:00:00+05:30,4.7875,4.856,4.702,4.8135
2022-04-19 00:00:00+05:30,4.814,4.8245,4.698,4.726
2022-04-20 00:00:00+05:30,4.727,4.733,4.6435,4.6765
2022-04-21 00:00:00+05:30,4.677,4.7325,4.6505,4.7035
2022-04-22 00:00:00+05:30,4.703,4.7205,4.5865,4.5985
2022-04-23 00:00:00+05:30,4.599,4.612,4.5965,4.599
2022-04-25 00:00:00+05:30,4.592,4.62,4.4285,4.4835
2022-04-26 00:00:00+05:30,4.484,4.543,4.444,4.448
2022-04-27 00:00:00+05:30,4.4485,4.5115,4.4075,4.4665
2022-04-28 00:00:00+05:30,4.466,4.4915,4.3865,4.4415
2022-04-29 00:00:00+05:30,4.441,4.5055,4.3975,4.406
2022-04-30 00:00:00+05:30,4.406,4.4065,4.371,4.387
2022-05-02 00:00:00+05:30,4.392,4.402,4.2035,4.2655
2022-05-03 00:00:00+05:30,4.266,4.359,4.2625,4.298
2022-05-04 00:00:00+05:30,4.2985,4.368,4.2505,4.362
2022-05-05 00:00:00+05:30,4.362,4.437,4.276,4.2905
2022-05-06 00:00:00+05:30,4.29,4.318,4.233,4.245
2022-05-07 00:00:00+05:30,4.2445,4.2525,4.2315,4.2465
2022-05-09 00:00:00+05:30,4.2405,4.244,4.1245,4.196
2022-05-10 00:00:00+05:30,4.1965,4.2575,4.1295,4.1745
2022-05-11 00:00:00+05:30,4.1735,4.249,4.1495,4.218
2022-05-12 00:00:00+05:30,4.2175,4.222,4.037,4.0735
2022-05-13 00:00:00+05:30,4.0735,4.183,4.056,4.1635
2022-05-14 00:00:00+05:30,4.164,4.1715,4.1605,4.1655
2022-05-16 00:00:00+05:30,4.1655,4.2165,4.133,4.2135
2022-05-17 00:00:00+05:30,4.213,4.2815,4.2035,4.2245
2022-05-18 00:00:00+05:30,4.2245,4.2455,4.148,4.1505
2022-05-19 00:00:00+05:30,4.1505,4.295,4.136,4.292
2022-05-20 00:00:00+05:30,4.2915,4.3255,4.2495,4.282
2022-05-21 00:00:00+05:30,4.282,4.308,4.2775,4.3025
2022-05-23 00:00:00+05:30,4.3015,4.3535,4.2725,4.3365
2022-05-24 00:00:00+05:30,4.337,4.344,4.2595,4.302
2022-05-25 00:00:00+05:30,4.3015,4.3215,4.225,4.2815
2022-05-26 00:00:00+05:30,4.281,4.2865,4.2075,4.266
2022-05-27 00:00:00+05:30,4.2655,4.323,4.257,4.3225
2022-05-28 00:00:00+05:30,4.3225,4.3285,4.3215,4.325
2022-05-30 00:00:00+05:30,4.325,4.36,4.312,4.337
2022-05-31 00:00:00+05:30,4.3415,4.3685,4.2805,4.283
2022-06-01 00:00:00+05:30,4.2835,4.3515,4.2635,4.337
2022-06-02 00:00:00+05:30,4.337,4.573,4.311,4.5525
2022-06-03 00:00:00+05:30,4.552,4.5805,4.4645,4.477
2022-06-04 00:00:00+05:30,4.4775,4.486,4.4705,4.484
2022-06-06 00:00:00+05:30,4.477,4.478,4.4125,4.4385
2022-06-07 00:00:00+05:30,4.4385,4.461,4.379,4.4605
2022-06-08 00:00:00+05:30,4.461,4.466,4.403,4.443
2022-06-09 00:00:00+05:30,4.443,4.4535,4.37,4.3775
2022-06-10 00:00:00+05:30,4.3785,4.39,4.285,4.3055
2022-06-11 00:00:00+05:30,4.3055,4.308,4.29,4.292
2022-06-13 00:00:00+05:30,4.277,4.2815,4.183,4.213
2022-06-14 00:00:00+05:30,4.213,4.262,4.1385,4.1465
2022-06-15 00:00:00+05:30,4.147,4.219,4.1305,4.171
2022-06-16 00:00:00+05:30,4.171,4.232,4.061,4.1175
2022-06-17 00:00:00+05:30,4.118,4.1315,4.0055,4.041
2022-06-18 00:00:00+05:30,4.0405,4.0435,4.021,4.0215
2022-06-20 00:00:00+05:30,4.0255,4.053,3.9615,4.0155
2022-06-21 00:00:00+05:30,4.0235,4.0895,3.9965,4.0345
2022-06-22 00:00:00+05:30,4.035,4.0365,3.887,3.946
2022-06-23 00:00:00+05:30,3.946,3.951,3.731,3.743
2022-06-24 00:00:00+05:30,3.743,3.8035,3.64,3.7415
2022-06-25 00:00:00+05:30,3.741,3.7465,3.739,3.743
2022-06-27 00:00:00+05:30,3.7485,3.8165,3.74,3.756
2022-06-28 00:00:00+05:30,3.7555,3.848,3.741,3.757
2022-06-29 00:00:00+05:30,3.757,3.817,3.707,3.7645
2022-06-30 00:00:00+05:30,3.765,3.7935,3.6835,3.6875
2022-07-01 00:00:00+05:30,3.687,3.7015,3.5535,3.624
2022-07-02 00:00:00+05:30,3.624,3.625,3.6075,3.6125
2022-07-04 00:00:00+05:30,3.617,3.621,3.545,3.5705
2022-07-05 00:00:00+05:30,3.571,3.6165,3.4005,3.4355
2022-07-06 00:00:00+05:30,3.4355,3.4585,3.274,3.45
2022-07-07 00:00:00+05:30,3.45,3.5785,3.3955,3.547
2022-07-08 00:00:00+05:30,3.547,3.5705,3.444,3.5205
2022-07-09 00:00:00+05:30,3.521,3.523,3.512,3.5175
2022-07-11 00:00:00+05:30,3.514,3.514,3.3865,3.423
2022-07-12 00:00:00+05:30,3.4235,3.4555,3.2755,3.28
2022-07-13 00:00:00+05:30,3.28,3.3395,3.2165,3.325
2022-07-14 00:00:00+05:30,3.3255,3.328,3.1735,3.2355
2022-07-15 00:00:00+05:30,3.2355,3.276,3.131,3.237
2022-07-16 00:00:00+05:30,3.237,3.245,3.2325,3.245
2022-07-18 00:00:00+05:30,3.251,3.371,3.217,3.308
2022-07-19 00:00:00+05:30,3.3085,3.329,3.257,3.285
2022-07-20 00:00:00+05:30,3.2845,3.375,3.2845,3.3145
2022-07-21 00:00:00+05:30,3.3145,3.323,3.2525,3.2975
2022-07-22 00:00:00+05:30,3.297,3.4,3.2955,3.3215
2022-07-23 00:00:00+05:30,3.3215,3.329,3.3195,3.325
2022-07-25 00:00:00+05:30,3.3305,3.406,3.319,3.3595
2022-07-26 00:00:00+05:30,3.36,3.469,3.3535,3.3865
2022-07-27 00:00:00+05:30,3.3865,3.4715,3.3725,3.4665
2022-07-28 00:00:00+05:30,3.4675,3.529,3.457,3.489
2022-07-29 00:00:00+05:30,3.489,3.588,3.466,3.587
2022-07-30 00:00:00+05:30,3.587,3.595,3.5865,3.595
2022-08-01 00:00:00+05:30,3.5805,3.597,3.5155,3.526
2022-08-02 00:00:00+05:30,3.526,3.5605,3.4525,3.487
2022-08-03 00:00:00+05:30,3.488,3.532,3.4525,3.4745
2022-08-04 00:00:00+05:30,3.4745,3.5255,3.4225,3.494
2022-08-05 00:00:00+05:30,3.4935,3.5915,3.4785,3.554
2022-08-06 00:00:00+05:30,3.5535,3.5625,3.553,3.5575
2022-08-08 00:00:00+05:30,3.559,3.627,3.539,3.589
2022-08-09 00:00:00+05:30,3.5885,3.634,3.568,3.5895
2022-08-10 00:00:00+05:30,3.5895,3.6635,3.5575,3.639
2022-08-11 00:00:00+05:30,3.6385,3.7135,3.6365,3.7015
2022-08-12 00:00:00+05:30,3.701,3.7185,3.649,3.6835
2022-08-13 00:00:00+05:30,3.6835,3.6855,3.6795,3.685
2022-08-15 00:00:00+05:30,3.6815,3.685,3.5545,3.612
2022-08-16 00:00:00+05:30,3.6125,3.647,3.5885,3.6265
2022-08-17 00:00:00+05:30,3.6265,3.6525,3.57,3.5975
2022-08-18 00:00:00+05:30,3.5975,3.6675,3.5485,3.647
2022-08-19 00:00:00+05:30,3.6475,3.6805,3.6105,3.662
2022-08-20 00:00:00+05:30,3.662,3.6755,3.66,3.675
2022-08-22 00:00:00+05:30,3.6725,3.6915,3.6065,3.65
2022-08-23 00:00:00+05:30,3.65,3.723,3.6265,3.6805
2022-08-24 00:00:00+05:30,3.681,3.6935,3.6235,3.639
2022-08-25 00:00:00+05:30,3.639,3.7045,3.635,3.694
2022-08-26 00:00:00+05:30,3.694,3.7815,3.6805,3.682
2022-08-27 00:00:00+05:30,3.6815,3.6945,3.68,3.694
2022-08-29 00:00:00+05:30,3.699,3.6995,3.5625,3.607
2022-08-30 00:00:00+05:30,3.6075,3.632,3.535,3.549
2022-08-31 00:00:00+05:30,3.549,3.597,3.4435,3.515
2022-09-01 00:00:00+05:30,3.515,3.522,3.402,3.406
2022-09-02 00:00:00+05:30,3.4055,3.452,3.38,3.413
2022-09-03 00:00:00+05:30,3.413,3.415,3.3905,3.4
2022-09-05 00:00:00+05:30,3.3975,3.4625,3.3595,3.458
2022-09-06 00:00:00+05:30,3.4565,3.4975,3.4345,3.451
2022-09-07 00:00:00+05:30,3.451,3.464,3.401,3.43
2022-09-08 00:00:00+05:30,3.4305,3.5485,3.43,3.539
2022-09-09 00:00:00+05:30,3.539,3.626,3.534,3.5525
2022-09-10 00:00:00+05:30,3.5525,3.5545,3.547,3.5515
2022-09-12 00:00:00+05:30,3.557,3.619,3.5295,3.6075
2022-09-13 00:00:00+05:30,3.608,3.6875,3.5225,3.526
2022-09-14 00:00:00+05:30,3.526,3.5545,3.5005,3.5095
2022-09-15 00:00:00+05:30,3.509,3.549,3.4655,3.4675
2022-09-16 00:00:00+05:30,3.4675,3.5335,3.4255,3.5305
2022-09-17 00:00:00+05:30,3.5305,3.5395,3.529,3.5375
2022-09-19 00:00:00+05:30,3.546,3.5535,3.471,3.51
2022-09-20 00:00:00+05:30,3.511,3.5435,3.48,3.494
2022-09-21 00:00:00+05:30,3.494,3.512,3.4005,3.486
2022-09-22 00:00:00+05:30,3.4855,3.517,3.4185,3.46
2022-09-23 00:00:00+05:30,3.46,3.47,3.324,3.337
2022-09-24 00:00:00+05:30,3.3375,3.3475,3.3375,3.3435
2022-09-26 00:00:00+05:30,3.3465,3.3605,3.271,3.2865
2022-09-27 00:00:00+05:30,3.286,3.349,3.2635,3.2875
2022-09-28 00:00:00+05:30,3.2875,3.3855,3.2395,3.383
2022-09-29 00:00:00+05:30,3.383,3.426,3.3005,3.412
2022-09-30 00:00:00+05:30,3.4115,3.466,3.388,3.393
2022-10-01 00:00:00+05:30,3.393,3.397,3.3815,3.3815
2022-10-03 00:00:00+05:30,3.3845,3.4145,3.3445,3.408
2022-10-04 00:00:00+05:30,3.408,3.521,3.395,3.4875
2022-10-05 00:00:00+05:30,3.487,3.533,3.4375,3.5295
2022-10-06 00:00:00+05:30,3.53,3.581,3.4225,3.4275
2022-10-07 00:00:00+05:30,3.428,3.4395,3.3695,3.371
2022-10-08 00:00:00+05:30,3.371,3.3755,3.3635,3.3735
2022-10-10 00:00:00+05:30,3.3715,3.4655,3.3615,3.43
2022-10-11 00:00:00+05:30,3.4295,3.4625,3.375,3.405
2022-10-12 00:00:00+05:30,3.405,3.4545,3.389,3.4165
2022-10-13 00:00:00+05:30,3.416,3.465,3.344,3.4575
2022-10-14 00:00:00+05:30,3.4575,3.4885,3.3905,3.3955
2022-10-15 00:00:00+05:30,3.3955,3.3995,3.391,3.396
2022-10-17 00:00:00+05:30,3.3985,3.4545,3.38,3.398
2022-10-18 00:00:00+05:30,3.398,3.4265,3.3325,3.3475
2022-10-19 00:00:00+05:30,3.3475,3.3685,3.302,3.3155
2022-10-20 00:00:00+05:30,3.316,3.4285,3.299,3.39
2022-10-21 00:00:00+05:30,3.3905,3.47,3.339,3.4565
2022-10-22 00:00:00+05:30,3.456,3.4695,3.456,3.467
2022-10-24 00:00:00+05:30,3.4735,3.4905,3.409,3.4235
2022-10-25 00:00:00+05:30,3.424,3.4305,3.3535,3.396
2022-10-26 00:00:00+05:30,3.396,3.5385,3.3735,3.525
2022-10-27 00:00:00+05:30,3.525,3.5415,3.4805,3.5035
2022-10-28 00:00:00+05:30,3.503,3.5195,3.4055,3.4255
2022-10-29 00:00:00+05:30,3.425,3.4265,3.4175,3.421
2022-10-31 00:00:00+05:30,3.4085,3.431,3.3505,3.3665
2022-11-01 00:00:00+05:30,3.3665,3.4875,3.3605,3.4665
2022-11-02 00:00:00+05:30,3.4665,3.5035,3.4265,3.458
2022-11-03 00:00:00+05:30,3.4575,3.4625,3.3695,3.418
2022-11-04 00:00:00+05:30,3.4185,3.694,3.409,3.687
2022-11-05 00:00:00+05:30,3.687,3.6965,3.673,3.688
2022-11-07 00:00:00+05:30,3.688,3.688,3.574,3.599
2022-11-08 00:00:00+05:30,3.599,3.6915,3.561,3.6545
2022-11-09 00:00:00+05:30,3.6545,3.733,3.6215,3.6715
2022-11-10 00:00:00+05:30,3.6715,3.78,3.622,3.761
2022-11-11 00:00:00+05:30,3.7605,3.922,3.7525,3.9205
2022-11-12 00:00:00+05:30,3.9205,3.9325,3.906,3.925
2022-11-14 00:00:00+05:30,3.9215,3.947,3.8065,3.8365
2022-11-15 00:00:00+05:30,3.837,3.8805,3.793,3.816
2022-11-16 00:00:00+05:30,3.8165,3.823,3.753,3.757
2022-11-17 00:00:00+05:30,3.7565,3.773,3.675,3.6865
2022-11-18 00:00:00+05:30,3.6865,3.7135,3.635,3.64
2022-11-19 00:00:00+05:30,3.64,3.6455,3.637,3.6425
2022-11-21 00:00:00+05:30,3.6465,3.653,3.5545,3.5745
2022-11-22 00:00:00+05:30,3.5745,3.6675,3.574,3.6125
2022-11-23 00:00:00+05:30,3.613,3.6565,3.5945,3.6305
2022-11-24 00:00:00+05:30,3.63,3.6725,3.6245,3.6345
2022-11-25 00:00:00+05:30,3.6345,3.691,3.6145,3.6175
2022-11-28 00:00:00+05:30,3.601,3.624,3.546,3.6135
2022-11-29 00:00:00+05:30,3.613,3.6825,3.5925,3.647
2022-11-30 00:00:00+05:30,3.6475,3.7625,3.634,3.7605
2022-12-01 00:00:00+05:30,3.761,3.8205,3.734,3.7945
2022-12-02 00:00:00+05:30,3.795,3.857,3.748,3.853
2022-12-03 00:00:00+05:30,3.8525,3.863,3.8445,3.8545
2022-12-05 00:00:00+05:30,3.856,3.8925,3.7835,3.7895
2022-12-06 00:00:00+05:30,3.79,3.861,3.772,3.8125
2022-12-07 00:00:00+05:30,3.8125,3.8725,3.774,3.86
2022-12-08 00:00:00+05:30,3.8595,3.91,3.832,3.8845
2022-12-09 00:00:00+05:30,3.884,3.923,3.847,3.8585
2022-12-10 00:00:00+05:30,3.8585,3.8585,3.845,3.8545
2022-12-12 00:00:00+05:30,3.854,3.856,3.785,3.7985
2022-12-13 00:00:00+05:30,3.7985,3.9275,3.794,3.8435
2022-12-14 00:00:00+05:30,3.8435,3.8895,3.834,3.877
2022-12-15 00:00:00+05:30,3.8765,3.877,3.7565,3.767
2022-12-16 00:00:00+05:30,3.767,3.804,3.733,3.7695
2022-12-17 00:00:00+05:30,3.7695,3.777,3.7665,3.7695
2022-12-19 00:00:00+05:30,3.77,3.8225,3.7575,3.759
2022-12-20 00:00:00+05:30,3.759,3.8295,3.7225,3.803
2022-12-21 00:00:00+05:30,3.8025,3.824,3.7885,3.815
2022-12-22 00:00:00+05:30,3.815,3.847,3.7495,3.75
2022-12-23 00:00:00+05:30,3.7495,3.815,3.7495,3.812
2022-12-24 00:00:00+05:30,3.812,3.816,3.81,3.8115
2022-12-27 00:00:00+05:30,3.8495,3.94,3.832,3.8475
2022-12-28 00:00:00+05:30,3.8475,3.8715,3.8235,3.827
2022-12-29 00:00:00+05:30,3.8265,3.8525,3.8085,3.831
2022-12-30 00:00:00+05:30,3.8305,3.85,3.795,3.805
2022-12-31 00:00:00+05:30,3.8055,3.822,3.804,3.82
2023-01-03 00:00:00+05:30,3.837,3.8705,3.765,3.7715
2023-01-04 00:00:00+05:30,3.771,3.8075,3.7105,3.7395
2023-01-05 00:00:00+05:30,3.7395,3.841,3.722,3.833
2023-01-06 00:00:00+05:30,3.833,3.9205,3.7995,3.9115
2023-01-07 00:00:00+05:30,3.912,3.9275,3.912,3.9225
2023-01-09 00:00:00+05:30,3.9305,4.043,3.9305,4.006
2023-01-10 00:00:00+05:30,4.0065,4.078,3.987,4.074
2023-01-11 00:00:00+05:30,4.0745,4.1845,4.0645,4.179
2023-01-12 00:00:00+05:30,4.1785,4.211,4.13,4.1825
2023-01-13 00:00:00+05:30,4.183,4.2195,4.1295,4.214
2023-01-14 00:00:00+05:30,4.214,4.2225,4.214,4.2185
2023-01-16 00:00:00+05:30,4.217,4.217,4.1405,4.1445
2023-01-17 00:00:00+05:30,4.14,4.2375,4.1125,4.2325
2023-01-18 00:00:00+05:30,4.2325,4.355,4.2085,4.2285
2023-01-19 00:00:00+05:30,4.2285,4.27,4.1705,4.246
2023-01-20 00:00:00+05:30,4.2465,4.275,4.2095,4.2585
2023-01-21 00:00:00+05:30,4.259,4.2805,4.2565,4.2805
2023-01-23 00:00:00+05:30,4.2795,4.3045,4.23,4.262
2023-01-24 00:00:00+05:30,4.262,4.2855,4.2205,4.2575
2023-01-25 00:00:00+05:30,4.2575,4.277,4.2165,4.256
2023-01-26 00:00:00+05:30,4.256,4.2785,4.237,4.2705
2023-01-27 00:00:00+05:30,4.27,4.2925,4.1785,4.225
2023-01-28 00:00:00+05:30,4.2245,4.2345,4.2245,4.2335
2023-01-30 00:00:00+05:30,4.238,4.2535,4.179,4.1955
2023-01-31 00:00:00+05:30,4.196,4.235,4.124,4.227
2023-02-01 00:00:00+05:30,4.227,4.233,4.112,4.1215
2023-02-02 00:00:00+05:30,4.1215,4.205,4.0935,4.1105
2023-02-03 00:00:00+05:30,4.11,4.145,4.0565,4.0595
2023-02-04 00:00:00+05:30,4.059,4.06,4.039,4.039
2023-02-06 00:00:00+05:30,4.0415,4.0835,4.0025,4.0465
2023-02-07 00:00:00+05:30,4.0465,4.0945,4.012,4.052
2023-02-08 00:00:00+05:30,4.0515,4.124,4.026,4.054
2023-02-09 00:00:00+05:30,4.0545,4.126,4.047,4.0915
2023-02-10 00:00:00+05:30,4.091,4.095,4.0155,4.023
2023-02-11 00:00:00+05:30,4.0235,4.031,4.0215,4.025
2023-02-13 00:00:00+05:30,4.03,4.0785,4.0045,4.0745
2023-02-14 00:00:00+05:30,4.074,4.12,4.0475,4.0965
2023-02-15 00:00:00+05:30,4.0965,4.1055,3.992,4.0315
2023-02-16 00:00:00+05:30,4.031,4.132,4.0255,4.1275
2023-02-17 00:00:00+05:30,4.127,4.1315,4.0495,4.107
2023-02-18 00:00:00+05:30,4.1075,4.127,4.107,4.1215
2023-02-20 00:00:00+05:30,4.1185,4.1765,4.0925,4.159
2023-02-21 00:00:00+05:30,4.159,4.212,4.123,4.1945
2023-02-22 00:00:00+05:30,4.195,4.205,4.133,4.171
2023-02-23 00:00:00+05:30,4.171,4.1835,4.0345,4.043
2023-02-24 00:00:00+05:30,4.0425,4.077,3.948,3.9545
2023-02-25 00:00:00+05:30,3.9545,3.964,3.948,3.9575
2023-02-27 00:00:00+05:30,3.955,4.02,3.936,4.0175
2023-02-28 00:00:00+05:30,4.018,4.0925,3.991,4.084
2023-03-01 00:00:00+05:30,4.0845,4.1665,4.0635,4.1635
2023-03-02 00:00:00+05:30,4.164,4.172,4.0455,4.0695
2023-03-03 00:00:00+05:30,4.07,4.116,4.059,4.0655
2023-03-04 00:00:00+05:30,4.065,4.077,4.0635,4.069
2023-03-06 00:00:00+05:30,4.0635,4.091,4.0075,4.0765
2023-03-07 00:00:00+05:30,4.0765,4.093,3.9675,3.972
2023-03-08 00:00:00+05:30,3.972,4.071,3.9605,4.0285
2023-03-09 00:00:00+05:30,4.0285,4.0535,4.0075,4.0175
2023-03-10 00:00:00+05:30,4.017,4.0615,3.9665,3.9905
2023-03-11 00:00:00+05:30,3.99,4.0085,3.9895,4.007
2023-03-13 00:00:00+05:30,4.018,4.076,3.9215,4.056
2023-03-14 00:00:00+05:30,4.0555,4.0565,3.9855,4.0035
2023-03-15 00:00:00+05:30,4.004,4.0275,3.841,3.881
2023-03-16 00:00:00+05:30,3.881,3.901,3.8225,3.867
2023-03-17 00:00:00+05:30,3.8675,3.9515,3.8675,3.9035
2023-03-18 00:00:00+05:30,3.904,3.9055,3.891,3.8965
2023-03-20 00:00:00+05:30,3.919,3.969,3.855,3.9565
2023-03-21 00:00:00+05:30,3.957,4.033,3.9285,3.9985
2023-03-22 00:00:00+05:30,3.9985,4.093,3.9715,4.0645
2023-03-23 00:00:00+05:30,4.064,4.1235,4.0215,4.091
2023-03-24 00:00:00+05:30,4.0915,4.145,4.049,4.071
2023-03-25 00:00:00+05:30,4.0705,4.0765,4.069,4.0735
2023-03-27 00:00:00+05:30,4.073,4.095,4.025,4.0945
2023-03-28 00:00:00+05:30,4.095,4.113,4.0605,4.074
2023-03-29 00:00:00+05:30,4.074,4.134,4.0515,4.08
2023-03-30 00:00:00+05:30,4.0795,4.136,4.061,4.112
2023-03-31 00:00:00+05:30,4.1115,4.119,4.024,4.085
2023-04-01 00:00:00+05:30,4.0845,4.0915,4.0835,4.085
2023-04-03 00:00:00+05:30,4.089,4.1,4.039,4.0505
2023-04-04 00:00:00+05:30,4.051,4.0745,3.949,3.975
2023-04-05 00:00:00+05:30,3.9755,3.9975,3.931,3.989
2023-04-06 00:00:00+05:30,3.989,4.0325,3.973,4.0175
2023-04-07 00:00:00+05:30,4.018,4.019,4.011,4.0135
2023-04-10 00:00:00+05:30,4.018,4.0405,3.965,3.992
2023-04-11 00:00:00+05:30,3.9925,4.056,3.9815,4.0365
2023-04-12 00:00:00+05:30,4.0365,4.085,3.987,4.0675
2023-04-13 00:00:00+05:30,4.0675,4.137,4.052,4.128
2023-04-14 00:00:00+05:30,4.1275,4.1855,4.0915,4.1135
2023-04-15 00:00:00+05:30,4.113,4.117,4.11,4.116
2023-04-17 00:00:00+05:30,4.1105,4.1315,4.06,4.0745
2023-04-18 00:00:00+05:30,4.0745,4.107,4.0635,4.0905
2023-04-19 00:00:00+05:30,4.0905,4.095,4.0295,4.078
2023-04-20 00:00:00+05:30,4.0785,4.081,4.015,4.0205
2023-04-21 00:00:00+05:30,4.021,4.036,3.98,3.9895
2023-04-22 00:00:00+05:30,3.9895,3.992,3.986,3.99
2023-04-24 00:00:00+05:30,3.9905,4.0035,3.958,3.971
2023-04-25 00:00:00+05:30,3.971,3.9825,3.85,3.8655
2023-04-26 00:00:00+05:30,3.866,3.908,3.8485,3.8515
2023-04-27 00:00:00+05:30,3.852,3.897,3.8155,3.8915
2023-04-28 00:00:00+05:30,3.892,3.917,3.856,3.8895
2023-04-29 00:00:00+05:30,3.8895,3.896,3.8875,3.896
2023-05-01 00:00:00+05:30,3.896,4.0035,3.8695,3.9335
2023-05-02 00:00:00+05:30,3.934,3.951,3.8565,3.8685
2023-05-03 00:00:00+05:30,3.869,3.874,3.83,3.8595
2023-05-04 00:00:00+05:30,3.86,3.9075,3.8255,3.857
2023-05-05 00:00:00+05:30,3.8565,3.9055,3.826,3.8935
2023-05-06 00:00:00+05:30,3.8935,3.896,3.89,3.8915
2023-05-08 00:00:00+05:30,3.892,3.9595,3.877,3.9245
2023-05-09 00:00:00+05:30,3.925,3.9255,3.8825,3.9065
2023-05-10 00:00:00+05:30,3.9065,3.919,3.8305,3.8465
2023-05-11 00:00:00+05:30,3.846,3.8565,3.6855,3.7015
2023-05-12 00:00:00+05:30,3.7015,3.7525,3.6805,3.7245
2023-05-13 00:00:00+05:30,3.725,3.7265,3.724,3.7255
2023-05-15 00:00:00+05:30,3.725,3.7785,3.702,3.743
2023-05-16 00:00:00+05:30,3.7435,3.7565,3.66,3.6715
2023-05-17 00:00:00+05:30,3.6715,3.776,3.6565,3.7515
2023-05-18 00:00:00+05:30,3.751,3.766,3.684,3.697
2023-05-19 00:00:00+05:30,3.697,3.77,3.68,3.732
2023-05-20 00:00:00+05:30,3.732,3.7355,3.728,3.7315
2023-05-22 00:00:00+05:30,3.7305,3.7405,3.6745,3.686
2023-05-23 00:00:00+05:30,3.686,3.7095,3.628,3.649
2023-05-24 00:00:00+05:30,3.649,3.6525,3.553,3.5665
2023-05-25 00:00:00+05:30,3.5665,3.6235,3.5535,3.601
2023-05-26 00:00:00+05:30,3.601,3.6895,3.589,3.68
2023-05-27 00:00:00+05:30,3.6795,3.6815,3.6765,3.6775
2023-05-29 00:00:00+05:30,3.687,3.716,3.664,3.6805
2023-05-30 00:00:00+05:30,3.6845,3.7,3.634,3.6665
2023-05-31 00:00:00+05:30,3.666,3.671,3.6295,3.6655
2023-06-01 00:00:00+05:30,3.6655,3.738,3.6525,3.716
2023-06-02 00:00:00+05:30,3.7165,3.7945,3.7005,3.7345
2023-06-03 00:00:00+05:30,3.7345,3.738,3.734,3.738
2023-06-05 00:00:00+05:30,3.736,3.7905,3.6945,3.7695
2023-06-06 00:00:00+05:30,3.77,3.787,3.7265,3.7755
2023-06-07 00:00:00+05:30,3.7755,3.8155,3.7485,3.759
2023-06-08 00:00:00+05:30,3.759,3.8005,3.739,3.795
2023-06-09 00:00:00+05:30,3.795,3.8355,3.7735,3.7825
2023-06-10 00:00:00+05:30,3.7825,3.785,3.7785,3.779
2023-06-12 00:00:00+05:30,3.781,3.7855,3.744,3.758
2023-06-13 00:00:00+05:30,3.7585,3.865,3.7545,3.8285
2023-06-14 00:00:00+05:30,3.8285,3.8765,3.8055,3.8585
2023-06-15 00:00:00+05:30,3.8595,3.9035,3.8165,3.898
2023-06-16 00:00:00+05:30,3.8985,3.927,3.8855,3.895
2023-06-17 00:00:00+05:30,3.895,3.895,3.8835,3.885
2023-06-19 00:00:00+05:30,3.886,3.8945,3.859,3.8725
2023-06-20 00:00:00+05:30,3.8735,3.9045,3.8465,3.8955
2023-06-21 00:00:00+05:30,3.895,3.9185,3.851,3.9055
2023-06-22 00:00:00+05:30,3.906,3.963,3.8825,3.9
2023-06-23 00:00:00+05:30,3.9,3.9015,3.7955,3.818
2023-06-24 00:00:00+05:30,3.818,3.819,3.8145,3.8175
2023-06-26 00:00:00+05:30,3.8175,3.8475,3.784,3.806
2023-06-27 00:00:00+05:30,3.806,3.8445,3.7765,3.79
2023-06-28 00:00:00+05:30,3.79,3.7985,3.717,3.7235
2023-06-29 00:00:00+05:30,3.724,3.75,3.682,3.6955
2023-06-30 00:00:00+05:30,3.6955,3.7695,3.693,3.7635
2023-07-01 00:00:00+05:30,3.7635,3.764,3.761,3.7635
2023-07-03 00:00:00+05:30,3.7635,3.806,3.759,3.7895
2023-07-04 00:00:00+05:30,3.789,3.8085,3.775,3.786
2023-07-05 00:00:00+05:30,3.7885,3.7925,3.733,3.7645
2023-07-06 00:00:00+05:30,3.765,3.7765,3.724,3.745
2023-07-07 00:00:00+05:30,3.7455,3.789,3.727,3.786
2023-07-08 00:00:00+05:30,3.7855,3.7875,3.782,3.783
2023-07-10 00:00:00+05:30,3.783,3.799,3.7445,3.7915
2023-07-11 00:00:00+05:30,3.791,3.8245,3.7555,3.774
2023-07-12 00:00:00+05:30,3.774,3.863,3.77,3.856
2023-07-13 00:00:00+05:30,3.856,3.953,3.845,3.952
2023-07-14 00:00:00+05:30,3.952,3.9565,3.9065,3.9285
2023-07-15 00:00:00+05:30,3.928,3.93,3.926,3.928
2023-07-17 00:00:00+05:30,3.9305,3.9305,3.817,3.8505
2023-07-18 00:00:00+05:30,3.8505,3.8595,3.809,3.8355
2023-07-19 00:00:00+05:30,3.8355,3.8445,3.7875,3.8215
2023-07-20 00:00:00+05:30,3.8215,3.8935,3.817,3.836
2023-07-21 00:00:00+05:30,3.836,3.88,3.816,3.825
2023-07-22 00:00:00+05:30,3.825,3.8265,3.823,3.8255
2023-07-24 00:00:00+05:30,3.8255,3.869,3.791,3.8565
2023-07-25 00:00:00+05:30,3.8565,3.9485,3.8525,3.93
2023-07-26 00:00:00+05:30,3.93,3.935,3.8855,3.916
2023-07-27 00:00:00+05:30,3.9165,3.952,3.8545,3.855
2023-07-28 00:00:00+05:30,3.855,3.942,3.849,3.9355
2023-07-29 00:00:00+05:30,3.936,3.942,3.9345,3.942
2023-07-31 00:00:00+05:30,3.9385,4.0225,3.9175,4.0195
2023-08-01 00:00:00+05:30,4.02,4.0305,3.915,3.92
2023-08-02 00:00:00+05:30,3.92,3.9325,3.847,3.857
2023-08-03 00:00:00+05:30,3.8575,3.919,3.8345,3.9145
2023-08-04 00:00:00+05:30,3.9145,3.9405,3.84,3.866
2023-08-05 00:00:00+05:30,3.866,3.8675,3.8585,3.862
2023-08-07 00:00:00+05:30,3.8645,3.8935,3.8435,3.856
2023-08-08 00:00:00+05:30,3.8565,3.8585,3.747,3.796
2023-08-09 00:00:00+05:30,3.7955,3.845,3.7835,3.8075
2023-08-10 00:00:00+05:30,3.808,3.848,3.769,3.783
2023-08-11 00:00:00+05:30,3.783,3.7905,3.7245,3.7465
2023-08-12 00:00:00+05:30,3.747,3.751,3.744,3.749
2023-08-14 00:00:00+05:30,3.7505,3.771,3.7165,3.7465
2023-08-15 00:00:00+05:30,3.7465,3.7725,3.6855,3.693
2023-08-16 00:00:00+05:30,3.693,3.722,3.676,3.6835
2023-08-17 00:00:00+05:30,3.683,3.7495,3.6605,3.7105
2023-08-18 00:00:00+05:30,3.71,3.7445,3.698,3.736
2023-08-19 00:00:00+05:30,3.7355,3.7505,3.7335,3.75
2023-08-21 00:00:00+05:30,3.745,3.759,3.716,3.756
2023-08-22 00:00:00+05:30,3.756,3.805,3.747,3.7835
2023-08-23 00:00:00+05:30,3.7835,3.839,3.783,3.8315
2023-08-24 00:00:00+05:30,3.8315,3.836,3.7855,3.7875
2023-08-25 00:00:00+05:30,3.788,3.8265,3.763,3.7915
2023-08-26 00:00:00+05:30,3.792,3.7925,3.7835,3.784
2023-08-28 00:00:00+05:30,3.79561,3.82738,3.7792,3.79704
2023-08-29 00:00:00+05:30,3.79679,3.83876,3.78623,3.83777
2023-08-30 00:00:00+05:30,3.83727,3.84951,3.81141,3.84126
2023-08-31 00:00:00+05:30,3.84101,3.84609,3.79867,3.82823
2023-09-01 00:00:00+05:30,3.82848,3.90778,3.82799,3.85149
2023-09-02 00:00:00+05:30,3.8515,3.85227,3.84777,3.8508
2023-09-04 00:00:00+05:30,3.85502,3.87303,3.81643,3.83273
2023-09-05 00:00:00+05:30,3.83423,3.857,3.79566,3.84175
2023-09-06 00:00:00+05:30,3.84173,3.84735,3.78184,3.79077
2023-09-07 00:00:00+05:30,3.79125,3.79374,3.74053,3.76846
2023-09-08 00:00:00+05:30,3.76843,3.76999,3.71293,3.71766
2023-09-09 00:00:00+05:30,3.71767,3.7205,3.71464,3.71637
2023-09-11 00:00:00+05:30,3.71913,3.81399,3.71459,3.80212
2023-09-12 00:00:00+05:30,3.80233,3.81544,3.77698,3.79308
2023-09-13 00:00:00+05:30,3.79328,3.82153,3.77799,3.78478
2023-09-14 00:00:00+05:30,3.78453,3.84476,3.78091,3.81697
2023-09-15 00:00:00+05:30,3.81718,3.85442,3.79088,3.79742
2023-09-16 00:00:00+05:30,3.79787,3.80138,3.79632,3.80013
2023-09-18 00:00:00+05:30,3.80031,3.82615,3.76939,3.77783
2023-09-19 00:00:00+05:30,3.77777,3.78474,3.73211,3.7567
2023-09-20 00:00:00+05:30,3.75664,3.79409,3.7469,3.76252
2023-09-21 00:00:00+05:30,3.76227,3.76496,3.63992,3.70521
2023-09-22 00:00:00+05:30,3.70546,3.74692,3.69175,3.69917
2023-09-23 00:00:00+05:30,3.69874,3.70461,3.69867,3.70005
2023-09-25 00:00:00+05:30,3.70378,3.71307,3.65653,3.67797
2023-09-26 00:00:00+05:30,3.67814,3.69158,3.63678,3.65272
2023-09-27 00:00:00+05:30,3.65255,3.6618,3.63293,3.64877
2023-09-28 00:00:00+05:30,3.64861,3.72233,3.63381,3.71545
2023-09-29 00:00:00+05:30,3.71561,3.79246,3.71387,3.74102
2023-09-30 00:00:00+05:30,3.74118,3.74204,3.73653,3.74179
2023-10-02 00:00:00+05:30,3.76399,3.77006,3.6378,3.65341
2023-10-03 00:00:00+05:30,3.65316,3.65717,3.59197,3.62745
2023-10-04 00:00:00+05:30,3.6276,3.63087,3.55966,3.58568
2023-10-05 00:00:00+05:30,3.58607,3.61185,3.55842,3.57884
2023-10-06 00:00:00+05:30,3.57895,3.65417,3.56099,3.64424
2023-10-07 00:00:00+05:30,3.64438,3.64438,3.64064,3.64326
2023-10-09 00:00:00+05:30,3.63781,3.68277,3.62354,3.67073
2023-10-10 00:00:00+05:30,3.67097,3.68531,3.60388,3.63748
2023-10-11 00:00:00+05:30,3.63736,3.6759,3.61275,3.62177
2023-10-12 00:00:00+05:30,3.62227,3.66284,3.58574,3.59551
2023-10-13 00:00:00+05:30,3.59576,3.63157,3.57306,3.58799
2023-10-14 00:00:00+05:30,3.58812,3.5895,3.58564,3.58603
2023-10-16 00:00:00+05:30,3.58916,3.62124,3.57991,3.59773
2023-10-17 00:00:00+05:30,3.59785,3.61128,3.50708,3.59385
2023-10-18 00:00:00+05:30,3.59396,3.64728,3.59385,3.60403
2023-10-19 00:00:00+05:30,3.60417,3.62909,3.58582,3.61135
2023-10-20 00:00:00+05:30,3.61185,3.61586,3.56707,3.57901
2023-10-21 00:00:00+05:30,3.57891,3.57951,3.57338,3.5735
2023-10-23 00:00:00+05:30,3.57659,3.61439,3.54127,3.60614
2023-10-24 00:00:00+05:30,3.6063,3.65801,3.58451,3.65497
2023-10-25 00:00:00+05:30,3.65472,3.66894,3.60687,3.60937
2023-10-26 00:00:00+05:30,3.60946,3.64196,3.596,3.62154
2023-10-27 00:00:00+05:30,3.6217,3.68069,3.60531,3.66245
2023-10-28 00:00:00+05:30,3.66253,3.66813,3.66228,3.66648
2023-10-30 00:00:00+05:30,3.66813,3.73246,3.66398,3.68238
2023-10-31 00:00:00+05:30,3.68206,3.69967,3.65739,3.67749
2023-11-01 00:00:00+05:30,3.67756,3.71313,3.65875,3.67527
2023-11-02 00:00:00+05:30,3.6752,3.71745,3.67477,3.70975
2023-11-03 00:00:00+05:30,3.70957,3.72859,3.67857,3.7069
2023-11-04 00:00:00+05:30,3.70677,3.7069,3.69743,3.69843
2023-11-06 00:00:00+05:30,3.70113,3.75098,3.69328,3.74173
2023-11-07 00:00:00+05:30,3.74154,3.74229,3.67917,3.71395
2023-11-08 00:00:00+05:30,3.71415,3.7333,3.66497,3.66979
2023-11-09 00:00:00+05:30,3.66959,3.69458,3.64789,3.67031
2023-11-10 00:00:00+05:30,3.67026,3.67746,3.61735,3.6255
2023-11-11 00:00:00+05:30,3.6258,3.6293,3.625,3.62884
2023-11-13 00:00:00+05:30,3.62974,3.6996,3.61778,3.69714
2023-11-14 00:00:00+05:30,3.6971,3.74641,3.67839,3.71351
2023-11-15 00:00:00+05:30,3.71373,3.7541,3.70218,3.74727
2023-11-16 00:00:00+05:30,3.74777,3.77138,3.71525,3.72838
2023-11-17 00:00:00+05:30,3.72816,3.76901,3.70764,3.7676
2023-11-18 00:00:00+05:30,3.76738,3.76788,3.76216,3.764
2023-11-20 00:00:00+05:30,3.7633,3.84004,3.75437,3.8348
2023-11-21 00:00:00+05:30,3.83503,3.85718,3.82059,3.84419
2023-11-22 00:00:00+05:30,3.84417,3.84419,3.77873,3.80583
2023-11-23 00:00:00+05:30,3.80585,3.84201,3.8022,3.81626
2023-11-24 00:00:00+05:30,3.81672,3.83583,3.79591,3.83306
2023-11-27 00:00:00+05:30,3.82962,3.83963,3.7936,3.80239
2023-11-28 00:00:00+05:30,3.80263,3.85439,3.78482,3.83741
2023-11-29 00:00:00+05:30,3.83766,3.86322,3.816,3.83315
2023-11-30 00:00:00+05:30,3.83314,3.85331,3.81261,3.84834
2023-12-01 00:00:00+05:30,3.84835,3.93245,3.8434,3.9225
2023-12-02 00:00:00+05:30,3.92273,3.923,3.91256,3.91882
2023-12-04 00:00:00+05:30,3.91953,3.92677,3.82942,3.82965
2023-12-05 00:00:00+05:30,3.82988,3.84151,3.77292,3.78882
2023-12-06 00:00:00+05:30,3.7888,3.8265,3.73374,3.73939
2023-12-07 00:00:00+05:30,3.73984,3.80006,3.73001,3.79907
2023-12-08 00:00:00+05:30,3.79838,3.86453,3.78932,3.83575
2023-12-09 00:00:00+05:30,3.83597,3.83972,3.83471,3.83534
2023-12-11 00:00:00+05:30,3.83247,3.83715,3.77718,3.78839
2023-12-12 00:00:00+05:30,3.78843,3.81393,3.76915,3.79324
2023-12-13 00:00:00+05:30,3.7937,3.79874,3.75473,3.78788
2023-12-14 00:00:00+05:30,3.79242,3.91009,3.79242,3.8783
2023-12-15 00:00:00+05:30,3.87805,3.91779,3.8515,3.87939
2023-12-16 00:00:00+05:30,3.87919,3.8839,3.87749,3.88146
2023-12-18 00:00:00+05:30,3.88385,3.89344,3.84793,3.85331
2023-12-19 00:00:00+05:30,3.85281,3.93184,3.84442,3.90838
2023-12-20 00:00:00+05:30,3.90813,3.94721,3.8915,3.91319
2023-12-21 00:00:00+05:30,3.91276,3.9331,3.88141,3.91968
2023-12-22 00:00:00+05:30,3.91986,3.9402,3.90238,3.90419
2023-12-23 00:00:00+05:30,3.90401,3.90457,3.89519,3.90414
2023-12-26 00:00:00+05:30,3.90371,3.94657,3.90371,3.90926
2023-12-27 00:00:00+05:30,3.9091,3.97665,3.90381,3.96412
2023-12-28 00:00:00+05:30,3.96387,3.97118,3.92192,3.92284
2023-12-29 00:00:00+05:30,3.92259,3.94009,3.8835,3.89445
2023-12-30 00:00:00+05:30,3.89454,3.90069,3.89404,3.89679
2024-01-02 00:00:00+05:30,3.89863,3.91715,3.86863,3.87846
2024-01-03 00:00:00+05:30,3.87796,3.88295,3.83977,3.87393
2024-01-04 00:00:00+05:30,3.87368,3.89091,3.82576,3.85262
2024-01-05 00:00:00+05:30,3.85251,3.87289,3.8126,3.822
2024-01-06 00:00:00+05:30,3.82211,3.825,3.81053,3.81128
2024-01-08 00:00:00+05:30,3.8132,3.84218,3.80006,3.82591
2024-01-09 00:00:00+05:30,3.82604,3.85014,3.76927,3.77391
2024-01-10 00:00:00+05:30,3.77416,3.80483,3.76654,3.8012
2024-01-11 00:00:00+05:30,3.80108,3.83467,3.7811,3.79575
2024-01-12 00:00:00+05:30,3.79649,3.83015,3.75193,3.75432
2024-01-13 00:00:00+05:30,3.75419,3.75758,3.74887,3.74899
2024-01-15 00:00:00+05:30,3.75896,3.80176,3.75885,3.79644
2024-01-16 00:00:00+05:30,3.7963,3.80294,3.76768,3.77892
2024-01-17 00:00:00+05:30,3.77931,3.78314,3.73666,3.74842
2024-01-18 00:00:00+05:30,3.74853,3.77192,3.72903,3.76395
2024-01-19 00:00:00+05:30,3.76385,3.80263,3.75752,3.79933
2024-01-20 00:00:00+05:30,3.79923,3.80542,3.79918,3.80447
2024-01-22 00:00:00+05:30,3.80409,3.80525,3.76571,3.77095
2024-01-23 00:00:00+05:30,3.77111,3.82088,3.75965,3.81764
2024-01-24 00:00:00+05:30,3.81798,3.90108,3.80923,3.89134
2024-01-25 00:00:00+05:30,3.8915,3.90632,3.87364,3.88033
2024-01-26 00:00:00+05:30,3.88024,3.90158,3.86148,3.87047
2024-01-27 00:00:00+05:30,3.8703,3.8739,3.86939,3.87134
2024-01-29 00:00:00+05:30,3.8718,3.90341,3.84625,3.8965
2024-01-30 00:00:00+05:30,3.89682,3.93049,3.87768,3.92817
2024-01-31 00:00:00+05:30,3.92792,3.96052,3.90289,3.91973
2024-02-01 00:00:00+05:30,3.91948,3.93419,3.86426,3.87324
2024-02-02 00:00:00+05:30,3.87306,3.88083,3.83634,3.84279
2024-02-03 00:00:00+05:30,3.84298,3.8453,3.83788,3.83858
2024-02-05 00:00:00+05:30,3.83891,3.85173,3.78577,3.7949
2024-02-06 00:00:00+05:30,3.79509,3.81827,3.78871,3.80382
2024-02-07 00:00:00+05:30,3.80402,3.81632,3.75343,3.75754
2024-02-08 00:00:00+05:30,3.75733,3.7839,3.69995,3.72277
2024-02-09 00:00:00+05:30,3.72298,3.73123,3.67408,3.70176
2024-02-10 00:00:00+05:30,3.70201,3.70547,3.70027,3.70295
2024-02-12 00:00:00+05:30,3.70335,3.7411,3.68407,3.73864
2024-02-13 00:00:00+05:30,3.73861,3.76985,3.71792,3.71909
2024-02-14 00:00:00+05:30,3.71959,3.73893,3.70644,3.71482
2024-02-15 00:00:00+05:30,3.71485,3.7724,3.71407,3.77058
2024-02-16 00:00:00+05:30,3.77036,3.85306,3.76592,3.84025
2024-02-17 00:00:00+05:30,3.84048,3.84123,3.83143,3.83295
2024-02-19 00:00:00+05:30,3.8275,3.84018,3.81407,3.81967
2024-02-20 00:00:00+05:30,3.81992,3.87706,3.80954,3.8725
2024-02-21 00:00:00+05:30,3.87249,3.91146,3.85807,3.88327
2024-02-22 00:00:00+05:30,3.88325,3.91419,3.8763,3.91119
2024-02-23 00:00:00+05:30,3.91094,3.91473,3.86105,3.89039
2024-02-24 00:00:00+05:30,3.89064,3.89114,3.88417,3.88567
2024-02-26 00:00:00+05:30,3.88416,3.88667,3.83349,3.83694
2024-02-27 00:00:00+05:30,3.83695,3.86438,3.83301,3.85302
2024-02-28 00:00:00+05:30,3.85279,3.85554,3.8212,3.83797
2024-02-29 00:00:00+05:30,3.83821,3.86814,3.83381,3.84541
2024-03-01 00:00:00+05:30,3.84564,3.87309,3.81863,3.86391
2024-03-02 00:00:00+05:30,3.86416,3.86614,3.85947,3.85947
2024-03-04 00:00:00+05:30,3.8616,3.88887,3.84493,3.85941
2024-03-05 00:00:00+05:30,3.85945,3.87453,3.84084,3.84714
2024-03-06 00:00:00+05:30,3.84718,3.89864,3.83926,3.87652
2024-03-07 00:00:00+05:30,3.87602,3.94364,3.86778,3.92553
2024-03-08 00:00:00+05:30,3.92569,3.94843,3.88478,3.88909
2024-03-09 00:00:00+05:30,3.88914,3.89498,3.88764,3.89443
2024-03-11 00:00:00+05:30,3.89629,3.9333,3.88273,3.93208
2024-03-12 00:00:00+05:30,3.93189,3.95504,3.90584,3.93046
2024-03-13 00:00:00+05:30,3.93027,4.07262,3.9231,4.05779
2024-03-14 00:00:00+05:30,4.05761,4.08433,4.02192,4.05549
2024-03-15 00:00:00+05:30,4.05556,4.14162,4.0497,4.12831
2024-03-16 00:00:00+05:30,4.12823,4.12939,4.12591,4.12632
2024-03-18 00:00:00+05:30,4.11984,4.16971,4.10829,4.13937
2024-03-19 00:00:00+05:30,4.13928,4.14203,4.06641,4.07813
2024-03-20 00:00:00+05:30,4.07804,4.09686,4.0364,4.08925
2024-03-21 00:00:00+05:30,4.0896,4.13528,4.05032,4.07238
2024-03-22 00:00:00+05:30,4.07273,4.07547,4.00818,4.01681
2024-03-23 00:00:00+05:30,4.0167,4.01681,4.00682,4.00759
2024-03-25 00:00:00+05:30,4.00335,4.05695,4.00335,4.02486
2024-03-26 00:00:00+05:30,4.02498,4.03945,3.99663,4.02395
2024-03-27 00:00:00+05:30,4.02383,4.0299,3.98218,4.02392
2024-03-28 00:00:00+05:30,4.0238,4.05313,4.00119,4.02467
2024-03-29 00:00:00+05:30,4.0248,4.02684,4.02171,4.02684
2024-04-01 00:00:00+05:30,4.06372,4.09304,4.04084,4.06819
2024-04-02 00:00:00+05:30,4.06833,4.11138,4.05771,4.08962
2024-04-03 00:00:00+05:30,4.08976,4.22878,4.08648,4.22803
2024-04-04 00:00:00+05:30,4.22793,4.2723,4.22219,4.23971
2024-04-05 00:00:00+05:30,4.23955,4.25683,4.18519,4.25411
2024-04-06 00:00:00+05:30,4.25427,4.26156,4.25427,4.25899
2024-04-08 00:00:00+05:30,4.24552,4.31873,4.19041,4.30767
2024-04-09 00:00:00+05:30,4.30749,4.3448,4.26835,4.3032
2024-04-10 00:00:00+05:30,4.30312,4.34506,4.25485,4.28449
2024-04-11 00:00:00+05:30,4.28467,4.31142,4.24752,4.27859
2024-04-12 00:00:00+05:30,4.27878,4.37945,4.26794,4.28087
2024-04-13 00:00:00+05:30,4.28105,4.34228,4.27668,4.33766
2024-04-15 00:00:00+05:30,4.39532,4.41441,4.29467,4.37775
2024-04-16 00:00:00+05:30,4.3777,4.39648,4.29879,4.33327
2024-04-17 00:00:00+05:30,4.33306,4.39894,4.30679,4.36899
2024-04-18 00:00:00+05:30,4.36879,4.4706,4.3413,4.4472
2024-04-19 00:00:00+05:30,4.44724,4.53563,4.42125,4.51788
2024-04-20 00:00:00+05:30,4.51784,4.51984,4.51247,4.51502
2024-04-22 00:00:00+05:30,4.51161,4.57057,4.48531,4.50932
2024-04-23 00:00:00+05:30,4.50909,4.5153,4.40798,4.45306
2024-04-24 00:00:00+05:30,4.45325,4.51409,4.43909,4.48073
2024-04-25 00:00:00+05:30,4.48097,4.58126,4.46282,4.55212
2024-04-26 00:00:00+05:30,4.55214,4.61225,4.54097,4.57804
2024-04-27 00:00:00+05:30,4.57828,4.58623,4.57408,4.58623
2024-04-29 00:00:00+05:30,4.58463,4.6796,4.56467,4.67184
2024-04-30 00:00:00+05:30,4.67159,4.69266,4.55342,4.56264
2024-05-01 00:00:00+05:30,4.56289,4.59671,4.51218,4.5922
2024-05-02 00:00:00+05:30,4.59222,4.59397,4.46588,4.50904
2024-05-03 00:00:00+05:30,4.50927,4.5625,4.48317,4.55286
2024-05-04 00:00:00+05:30,4.55288,4.56838,4.55211,4.5669
2024-05-06 00:00:00+05:30,4.57967,4.638,4.5362,4.61
2024-05-07 00:00:00+05:30,4.61003,4.6443,4.56865,4.59553
2024-05-08 00:00:00+05:30,4.59599,4.59821,4.50781,4.54569
2024-05-09 00:00:00+05:30,4.54527,4.60122,4.5201,4.59973
2024-05-10 00:00:00+05:30,4.59953,4.73978,4.59653,4.6528
2024-05-11 00:00:00+05:30,4.65265,4.65624,4.64801,4.64801
2024-05-13 00:00:00+05:30,4.65,4.76004,4.61237,4.75743
2024-05-14 00:00:00+05:30,4.75737,4.94887,4.75184,4.84318
2024-05-15 00:00:00+05:30,4.843,5.07525,4.78876,4.90094
2024-05-16 00:00:00+05:30,4.90051,4.97436,4.81942,4.86509
2024-05-17 00:00:00+05:30,4.86491,5.053,4.82693,5.04558
2024-05-18 00:00:00+05:30,5.04533,5.06233,5.03972,5.04704
2024-05-20 00:00:00+05:30,5.04583,5.17266,4.99235,5.09034
2024-05-21 00:00:00+05:30,5.09075,5.15391,4.99636,5.07861
2024-05-22 00:00:00+05:30,5.0788,5.10494,4.79437,4.80272
2024-05-23 00:00:00+05:30,4.80262,4.85147,4.73761,4.76294
2024-05-24 00:00:00+05:30,4.76224,4.81741,4.74305,4.75737
2024-05-25 00:00:00+05:30,4.75751,4.76101,4.75416,4.7574
2024-05-27 00:00:00+05:30,4.76442,4.83829,4.74946,4.82516
2024-05-28 00:00:00+05:30,4.82505,4.89532,4.78759,4.85162
2024-05-29 00:00:00+05:30,4.85212,4.89102,4.75516,4.78569
2024-05-30 00:00:00+05:30,4.78581,4.78711,4.62338,4.65666
2024-05-31 00:00:00+05:30,4.65678,4.67641,4.57605,4.61168
2024-06-01 00:00:00+05:30,4.61154,4.63419,4.60741,4.63192
2024-06-03 00:00:00+05:30,4.63001,4.69089,4.60083,4.66283
2024-06-04 00:00:00+05:30,4.66298,4.69336,4.5288,4.54596
2024-06-05 00:00:00+05:30,4.54546,4.61935,4.51743,4.61791
2024-06-06 00:00:00+05:30,4.61781,4.67821,4.6067,4.66346
2024-06-07 00:00:00+05:30,4.6633,4.67844,4.46717,4.47384
2024-06-08 00:00:00+05:30,4.47375,4.47409,4.44867,4.44875
2024-06-10 00:00:00+05:30,4.45549,4.55332,4.43431,4.54198
2024-06-11 00:00:00+05:30,4.54206,4.56021,4.43654,4.50017
2024-06-12 00:00:00+05:30,4.50035,4.60333,4.4936,4.53468
2024-06-13 00:00:00+05:30,4.5345,4.55504,4.45777,4.4827
2024-06-14 00:00:00+05:30,4.48226,4.5082,4.44057,4.48936
2024-06-15 00:00:00+05:30,4.48916,4.49476,4.48341,4.4863
2024-06-17 00:00:00+05:30,4.48295,4.4866,4.38817,4.44702
2024-06-18 00:00:00+05:30,4.44727,4.46738,4.36926,4.46322
2024-06-19 00:00:00+05:30,4.46302,4.51171,4.45776,4.48136
2024-06-20 00:00:00+05:30,4.47979,4.53878,4.46561,4.53174
2024-06-21 00:00:00+05:30,4.53171,4.53631,4.41904,4.42336
2024-06-22 00:00:00+05:30,4.42364,4.42884,4.41656,4.41806
2024-06-24 00:00:00+05:30,4.41744,4.45108,4.39675,4.42867
2024-06-25 00:00:00+05:30,4.4289,4.45453,4.35588,4.36334
2024-06-26 00:00:00+05:30,4.36333,4.39742,4.34072,4.36187
2024-06-27 00:00:00+05:30,4.36162,4.39102,4.32763,4.34265
2024-06-28 00:00:00+05:30,4.34314,4.42607,4.3301,4.37589
2024-06-29 00:00:00+05:30,4.37564,4.37614,4.36464,4.37215
2024-07-01 00:00:00+05:30,4.37705,4.4372,4.35242,4.40712
2024-07-02 00:00:00+05:30,4.40714,4.4708,4.3905,4.42732
2024-07-03 00:00:00+05:30,4.42708,4.56129,4.41298,4.5274
2024-07-04 00:00:00+05:30,4.52763,4.5825,4.51289,4.56213
2024-07-05 00:00:00+05:30,4.56541,4.68948,4.55426,4.66209
2024-07-06 00:00:00+05:30,4.66212,4.6696,4.66079,4.66276
2024-07-08 00:00:00+05:30,4.6537,4.66276,4.58462,4.5966
2024-07-09 00:00:00+05:30,4.59685,4.64551,4.5489,4.58128
2024-07-10 00:00:00+05:30,4.58148,4.64814,4.54463,4.58638
2024-07-11 00:00:00+05:30,4.58618,4.61927,4.50152,4.51074
2024-07-12 00:00:00+05:30,4.51049,4.59588,4.4748,4.5842
2024-07-13 00:00:00+05:30,4.58439,4.58545,4.5754,4.57653
2024-07-15 00:00:00+05:30,4.57588,4.59804,4.50103,4.51371
2024-07-16 00:00:00+05:30,4.51346,4.5235,4.42966,4.45501
2024-07-17 00:00:00+05:30,4.45526,4.48172,4.40475,4.40841
2024-07-18 00:00:00+05:30,4.40849,4.43122,4.26686,4.2687
2024-07-19 00:00:00+05:30,4.26895,4.29808,4.23774,4.24367
2024-07-20 00:00:00+05:30,4.24384,4.24784,4.23913,4.24529
2024-07-22 00:00:00+05:30,4.24355,4.26998,4.1752,4.21337
2024-07-23 00:00:00+05:30,4.21327,4.22535,4.14878,4.1724
2024-07-24 00:00:00+05:30,4.17215,4.18819,4.09321,4.09636
2024-07-25 00:00:00+05:30,4.09625,4.17032,4.05143,4.13231
2024-07-26 00:00:00+05:30,4.13217,4.17123,4.11932,4.12181
2024-07-27 00:00:00+05:30,4.12169,4.13049,4.11906,4.12788
2024-07-29 00:00:00+05:30,4.13509,4.16943,4.0832,4.10534
2024-07-30 00:00:00+05:30,4.10521,4.11926,4.05473,4.11276
2024-07-31 00:00:00+05:30,4.11301,4.22738,4.10835,4.22251
2024-08-01 00:00:00+05:30,4.22226,4.24257,4.07893,4.08391
2024-08-02 00:00:00+05:30,4.0838,4.15844,4.07841,4.13406
2024-08-03 00:00:00+05:30,4.13446,4.15471,4.13446,4.14922
2024-08-05 00:00:00+05:30,4.14282,4.1751,3.95815,4.01395
2024-08-06 00:00:00+05:30,4.01404,4.08631,3.98664,4.04924
2024-08-07 00:00:00+05:30,4.04915,4.05042,3.95532,3.96075
2024-08-08 00:00:00+05:30,3.96092,4.00789,3.94914,4.00094
2024-08-09 00:00:00+05:30,4.00102,4.07278,3.99899,4.01344
2024-08-10 00:00:00+05:30,4.01354,4.0247,4.01006,4.01081
2024-08-12 00:00:00+05:30,4.00976,4.11689,3.99989,4.10224
2024-08-13 00:00:00+05:30,4.10199,4.10375,4.03761,4.08905
2024-08-14 00:00:00+05:30,4.08936,4.11575,4.05737,4.0731
2024-08-15 00:00:00+05:30,4.07295,4.18027,4.05174,4.16662
2024-08-16 00:00:00+05:30,4.16658,4.18553,4.11898,4.18251
2024-08-17 00:00:00+05:30,4.18226,4.18694,4.17868,4.18048
2024-08-19 00:00:00+05:30,4.18086,4.22744,4.16709,4.22481
2024-08-20 00:00:00+05:30,4.22503,4.23766,4.17732,4.19147
2024-08-21 00:00:00+05:30,4.19125,4.24736,4.17325,4.24083
2024-08-22 00:00:00+05:30,4.24108,4.24967,4.16448,4.17083
2024-08-23 00:00:00+05:30,4.17132,4.25709,4.16586,4.24592
2024-08-24 00:00:00+05:30,4.24568,4.25044,4.24247,4.24768
2024-08-26 00:00:00+05:30,4.25407,4.29102,4.23862,4.26974
2024-08-27 00:00:00+05:30,4.26949,4.31694,4.20514,4.30278
2024-08-28 00:00:00+05:30,4.30254,4.30254,4.20505,4.21283
2024-08-29 00:00:00+05:30,4.21307,4.24877,4.17684,4.21056
2024-08-30 00:00:00+05:30,4.21055,4.27825,4.20126,4.2149
2024-08-31 00:00:00+05:30,4.21514,4.22291,4.21216,4.21992
2024-09-02 00:00:00+05:30,4.21709,4.22855,4.16531,4.19811
2024-09-03 00:00:00+05:30,4.19845,4.20005,4.05811,4.09169
2024-09-04 00:00:00+05:30,4.09171,4.11708,4.04656,4.07908
2024-09-05 00:00:00+05:30,4.0793,4.17164,4.045,4.14243
2024-09-06 00:00:00+05:30,4.14196,4.17938,4.06931,4.07507
2024-09-07 00:00:00+05:30,4.07532,4.07557,4.0663,4.06827
2024-09-09 00:00:00+05:30,4.07026,4.16403,4.06588,4.14049
2024-09-10 00:00:00+05:30,4.14024,4.16398,4.08637,4.11442
2024-09-11 00:00:00+05:30,4.11463,4.16856,4.09828,4.16285
2024-09-12 00:00:00+05:30,4.16264,4.24155,4.16094,4.20691
2024-09-13 00:00:00+05:30,4.20686,4.25511,4.19255,4.2257
2024-09-14 00:00:00+05:30,4.22566,4.23442,4.22366,4.22699
2024-09-16 00:00:00+05:30,4.22668,4.32364,4.20291,4.27549
2024-09-17 00:00:00+05:30,4.27543,4.31269,4.26178,4.28621
2024-09-18 00:00:00+05:30,4.28615,4.35063,4.24736,4.31976
2024-09-19 00:00:00+05:30,4.31932,4.38935,4.24925,4.35929
2024-09-20 00:00:00+05:30,4.35898,4.39483,4.32855,4.34502
2024-09-21 00:00:00+05:30,4.34466,4.34602,4.33968,4.34356
2024-09-23 00:00:00+05:30,4.34333,4.3761,4.28512,4.36369
2024-09-24 00:00:00+05:30,4.36352,4.53808,4.35203,4.5304
2024-09-25 00:00:00+05:30,4.53032,4.56239,4.46427,4.50052
2024-09-26 00:00:00+05:30,4.50036,4.657,4.48676,4.65385
2024-09-27 00:00:00+05:30,4.65376,4.66273,4.584,4.59767
2024-09-28 00:00:00+05:30,4.59792,4.59827,4.59127,4.59553
2024-09-30 00:00:00+05:30,4.70936,4.7282,4.5082,4.55573
2024-10-01 00:00:00+05:30,4.55557,4.63214,4.53986,4.59275
2024-10-02 00:00:00+05:30,4.5929,4.66533,4.56778,4.6631
2024-10-03 00:00:00+05:30,4.66325,4.67647,4.53226,4.56094
2024-10-04 00:00:00+05:30,4.56059,4.61871,4.55056,4.58312
2024-10-05 00:00:00+05:30,4.58322,4.58684,4.5804,4.58076
2024-10-07 00:00:00+05:30,4.58872,4.62261,4.53193,4.55878
2024-10-08 00:00:00+05:30,4.55891,4.59631,4.4422,4.48178
2024-10-09 00:00:00+05:30,4.48179,4.52239,4.39417,4.42549
2024-10-10 00:00:00+05:30,4.42562,4.47061,4.4011,4.46089
2024-10-11 00:00:00+05:30,4.46101,4.51153,4.43733,4.50931
2024-10-12 00:00:00+05:30,4.50944,4.5157,4.50634,4.51135
2024-10-14 00:00:00+05:30,4.47259,4.49088,4.40738,4.42427
2024-10-15 00:00:00+05:30,4.42452,4.43376,4.35363,4.36571
2024-10-16 00:00:00+05:30,4.36569,4.41578,4.35232,4.39464
2024-10-17 00:00:00+05:30,4.39453,4.43486,4.31699,4.35276
2024-10-18 00:00:00+05:30,4.35287,4.43592,4.3506,4.41762
2024-10-19 00:00:00+05:30,4.41773,4.42174,4.41583,4.41809
2024-10-21 00:00:00+05:30,4.41825,4.48226,4.37669,4.37921
2024-10-22 00:00:00+05:30,4.37911,4.43422,4.37361,4.41174
2024-10-23 00:00:00+05:30,4.41159,4.4241,4.34119,4.36235
2024-10-24 00:00:00+05:30,4.36219,4.43048,4.35317,4.39368
2024-10-25 00:00:00+05:30,4.39393,4.41703,4.35562,4.39878
2024-10-26 00:00:00+05:30,4.39869,4.39994,4.39345,4.3989
2024-10-28 00:00:00+05:30,4.39353,4.41539,4.36509,4.39515
2024-10-29 00:00:00+05:30,4.3949,4.45856,4.36253,4.39064
2024-10-30 00:00:00+05:30,4.39071,4.41013,4.35737,4.39287
2024-10-31 00:00:00+05:30,4.39312,4.40928,4.35899,4.38733
2024-11-01 00:00:00+05:30,4.38758,4.4369,4.37469,4.38884
2024-11-02 00:00:00+05:30,4.38909,4.39409,4.37829,4.37917
2024-11-04 00:00:00+05:30,4.38787,4.47954,4.38394,4.45849
2024-11-05 00:00:00+05:30,4.4588,4.5196,4.4508,4.4961
2024-11-06 00:00:00+05:30,4.49579,4.49585,4.27759,4.28721
2024-11-07 00:00:00+05:30,4.28677,4.46692,4.2623,4.46372
2024-11-08 00:00:00+05:30,4.46392,4.47733,4.32946,4.3427
2024-11-09 00:00:00+05:30,4.34245,4.35672,4.34036,4.34906
2024-11-11 00:00:00+05:30,4.35439,4.37068,4.26378,4.27392
2024-11-12 00:00:00+05:30,4.27396,4.29986,4.17659,4.19248
2024-11-13 00:00:00+05:30,4.19244,4.21086,4.12517,4.12653
2024-11-14 00:00:00+05:30,4.12657,4.14348,4.05486,4.13556
2024-11-15 00:00:00+05:30,4.13531,4.21589,4.09995,4.10829
2024-11-16 00:00:00+05:30,4.10826,4.11029,4.09864,4.10257
2024-11-18 00:00:00+05:30,4.1056,4.17576,4.09207,4.16997
2024-11-19 00:00:00+05:30,4.16949,4.19462,4.13468,4.18406
2024-11-20 00:00:00+05:30,4.18404,4.21256,4.17285,4.1731
2024-11-21 00:00:00+05:30,4.17285,4.20079,4.13618,4.15088
2024-11-22 00:00:00+05:30,4.15086,4.15801,4.10338,4.12571
2024-11-23 00:00:00+05:30,4.12547,4.13197,4.12022,4.12997
2024-11-25 00:00:00+05:30,4.13981,4.18105,4.13881,4.15787
2024-11-26 00:00:00+05:30,4.15762,4.17633,4.10297,4.11873
2024-11-27 00:00:00+05:30,4.11898,4.17224,4.11823,4.14638
2024-11-28 00:00:00+05:30,4.14663,4.15872,4.1191,4.1322
2024-11-29 00:00:00+05:30,4.13195,4.16632,4.12551,4.14399
2024-11-30 00:00:00+05:30,4.14374,4.14452,4.14078,4.14352
2024-12-02 00:00:00+05:30,4.14243,4.14562,4.0829,4.13322
2024-12-03 00:00:00+05:30,4.13372,4.26106,4.11284,4.20102
2024-12-04 00:00:00+05:30,4.20152,4.21579,4.17182,4.19815
2024-12-05 00:00:00+05:30,4.19888,4.23451,4.17668,4.1937
2024-12-06 00:00:00+05:30,4.19392,4.25421,4.18329,4.19736
2024-12-07 00:00:00+05:30,4.19713,4.20286,4.19361,4.19789
2024-12-09 00:00:00+05:30,4.20391,4.29799,4.1829,4.27401
2024-12-10 00:00:00+05:30,4.27376,4.27978,4.23501,4.27207
2024-12-11 00:00:00+05:30,4.27249,4.32366,4.23587,4.26367
2024-12-12 00:00:00+05:30,4.2635,4.33718,4.22062,4.24282
2024-12-13 00:00:00+05:30,4.24241,4.24787,4.18784,4.19779
2024-12-14 00:00:00+05:30,4.19804,4.20207,4.19206,4.19907
2024-12-16 00:00:00+05:30,4.20072,4.22288,4.17487,4.19716
2024-12-17 00:00:00+05:30,4.19702,4.20231,4.13951,4.15421
2024-12-18 00:00:00+05:30,4.15446,4.17459,4.12339,4.16646
2024-12-19 00:00:00+05:30,4.16684,4.16721,4.07717,4.09131
2024-12-20 00:00:00+05:30,4.09106,4.11858,4.07807,4.11264
2024-12-21 00:00:00+05:30,4.11282,4.11689,4.10223,4.10461
2024-12-23 00:00:00+05:30,4.10587,4.13539,4.08403,4.10199
2024-12-24 00:00:00+05:30,4.10224,4.13075,4.09319,4.11104
2024-12-26 00:00:00+05:30,4.1157,4.15299,4.08173,4.13723
2024-12-27 00:00:00+05:30,4.13698,4.15945,4.11785,4.13885
2024-12-28 00:00:00+05:30,4.13868,4.14061,4.13162,4.13689
2024-12-30 00:00:00+05:30,4.13904,4.15864,4.09234,4.10837
2024-12-31 00:00:00+05:30,4.10853,4.1124,4.01869,4.03349
2025-01-01 00:00:00+05:30,4.03324,4.03747,4.0275,4.0349
2025-01-02 00:00:00+05:30,4.03788,4.06899,4.01726,4.03577
2025-01-03 00:00:00+05:30,4.03592,4.09202,4.0208,4.08367
2025-01-04 00:00:00+05:30,4.08342,4.08984,4.08153,4.08721
2025-01-06 00:00:00+05:30,4.08977,4.20869,4.07026,4.16276
2025-01-07 00:00:00+05:30,4.16251,4.22248,4.15114,4.19934
2025-01-08 00:00:00+05:30,4.19936,4.28133,4.18021,4.27471
2025-01-09 00:00:00+05:30,4.27496,4.35805,4.26775,4.31831
2025-01-10 00:00:00+05:30,4.31856,4.36905,4.29467,4.31333
2025-01-11 00:00:00+05:30,4.31346,4.31371,4.29622,4.30274
2025-01-13 00:00:00+05:30,4.29845,4.35526,4.28568,4.33413
2025-01-14 00:00:00+05:30,4.33424,4.37631,4.32474,4.36175
2025-01-15 00:00:00+05:30,4.36148,4.40919,4.33285,4.40905
2025-01-16 00:00:00+05:30,4.4093,4.45788,4.39804,4.44347
2025-01-17 00:00:00+05:30,4.44312,4.48398,4.36098,4.38056
2025-01-18 00:00:00+05:30,4.38081,4.38195,4.36731,4.36821
2025-01-20 00:00:00+05:30,4.37319,4.39849,4.3006,4.34299
2025-01-21 00:00:00+05:30,4.34274,4.36391,4.29178,4.35937
2025-01-22 00:00:00+05:30,4.35912,4.36149,4.3036,4.32008
2025-01-23 00:00:00+05:30,4.31983,4.35555,4.2617,4.3451
2025-01-24 00:00:00+05:30,4.34501,4.40892,4.3405,4.34443
2025-01-25 00:00:00+05:30,4.34468,4.34468,4.33518,4.33862
2025-01-27 00:00:00+05:30,4.33752,4.33752,4.25242,4.2641
2025-01-28 00:00:00+05:30,4.26418,4.30717,4.26268,4.27834
2025-01-29 00:00:00+05:30,4.27826,4.33794,4.23488,4.3114
2025-01-30 00:00:00+05:30,4.31125,4.37446,4.291,4.34526
2025-01-31 00:00:00+05:30,4.34501,4.35084,4.29217,4.2968
2025-02-01 00:00:00+05:30,4.29673,4.32892,4.28635,4.30039
2025-02-03 00:00:00+05:30,4.27753,4.35774,4.21594,4.34664
2025-02-04 00:00:00+05:30,4.34658,4.40077,4.33731,4.38969
2025-02-05 00:00:00+05:30,4.3898,4.48535,4.37488,4.47482
2025-02-06 00:00:00+05:30,4.47487,4.53716,4.44387,4.48065
2025-02-07 00:00:00+05:30,4.48045,4.63927,4.47571,4.62387
2025-02-08 00:00:00+05:30,4.62362,4.63693,4.6172,4.62807
2025-02-10 00:00:00+05:30,4.632,4.7506,4.60662,4.74033
2025-02-11 00:00:00+05:30,4.7399,4.74295,4.57666,4.62904
2025-02-12 00:00:00+05:30,4.62879,4.7511,4.61411,4.73827
2025-02-13 00:00:00+05:30,4.73805,4.82198,4.72201,4.81188
2025-02-14 00:00:00+05:30,4.81172,4.87724,4.67729,4.70214
2025-02-15 00:00:00+05:30,4.70236,4.70311,4.67982,4.68015
2025-02-17 00:00:00+05:30,4.6857,4.71303,4.63618,4.64257
2025-02-18 00:00:00+05:30,4.64232,4.65964,4.58977,4.63534
2025-02-19 00:00:00+05:30,4.63532,4.65789,4.59936,4.60717
2025-02-20 00:00:00+05:30,4.60744,4.6855,4.59427,4.6596
2025-02-21 00:00:00+05:30,4.65959,4.66496,4.58641,4.59965
2025-02-22 00:00:00+05:30,4.59964,4.60166,4.58574,4.58801
2025-02-24 00:00:00+05:30,4.5905,4.62486,4.54819,4.56553
2025-02-25 00:00:00+05:30,4.56578,4.61801,4.49914,4.53218
2025-02-26 00:00:00+05:30,4.53193,4.74826,4.52544,4.57288
2025-02-27 00:00:00+05:30,4.57263,4.66907,4.54944,4.61697
2025-02-28 00:00:00+05:30,4.61672,4.61922,4.51367,4.54551
2025-03-01 00:00:00+05:30,4.54527,4.56759,4.54476,4.56434
2025-03-03 00:00:00+05:30,4.57928,4.65706,4.54015,4.60885
2025-03-04 00:00:00+05:30,4.60866,4.63551,4.52534,4.57233
2025-03-05 00:00:00+05:30,4.57258,4.82708,4.55158,4.80667
2025-03-06 00:00:00+05:30,4.80692,4.8565,4.7409,4.79657
2025-03-07 00:00:00+05:30,4.79707,4.81559,4.68785,4.72411
2025-03-08 00:00:00+05:30,4.72432,4.72533,4.71214,4.7197
2025-03-10 00:00:00+05:30,4.69973,4.74158,4.64413,4.65016
2025-03-11 00:00:00+05:30,4.64996,4.81376,4.63511,4.80506
2025-03-12 00:00:00+05:30,4.80487,4.91319,4.78664,4.86605
2025-03-13 00:00:00+05:30,4.8658,4.94419,4.80789,4.93113
2025-03-14 00:00:00+05:30,4.93088,4.96815,4.88279,4.90078
2025-03-15 00:00:00+05:30,4.90103,4.90103,4.88875,4.89527
2025-03-17 00:00:00+05:30,4.89983,4.99191,4.88907,4.98675
2025-03-18 00:00:00+05:30,4.98691,5.03928,4.97156,5.02176
2025-03-19 00:00:00+05:30,5.0216,5.13724,5.01246,5.13525
2025-03-20 00:00:00+05:30,5.1349,5.16351,5.07467,5.11863
2025-03-21 00:00:00+05:30,5.11894,5.15387,5.04589,5.1298
2025-03-22 00:00:00+05:30,5.12955,5.12955,5.11056,5.12141
2025-03-24 00:00:00+05:30,5.1207,5.2033,5.09493,5.10258
2025-03-25 00:00:00+05:30,5.10283,5.24506,5.097,5.23316
2025-03-26 00:00:00+05:30,5.23303,5.39403,5.23104,5.24682
2025-03-27 00:00:00+05:30,5.24695,5.28877,5.11036,5.14588
2025-03-28 00:00:00+05:30,5.14613,5.18898,5.08531,5.13889
2025-03-29 00:00:00+05:30,5.13888,5.14388,5.12119,5.13019
2025-03-31 00:00:00+05:30,5.12598,5.17106,5.01303,5.07142
2025-04-01 00:00:00+05:30,5.07117,5.1393,5.03064,5.05521
2025-04-02 00:00:00+05:30,5.05486,5.11812,5.04815,5.05693
2025-04-03 00:00:00+05:30,5.05703,5.16444,4.84295,4.85287
2025-04-04 00:00:00+05:30,4.85252,4.85472,4.39939,4.42694
2025-04-05 00:00:00+05:30,4.42669,4.45142,4.39692,4.41387
2025-04-07 00:00:00+05:30,4.30662,4.4929,4.05754,4.2586
2025-04-08 00:00:00+05:30,4.25952,4.39606,4.14869,4.154
2025-04-09 00:00:00+05:30,4.15425,4.47181,4.07275,4.43024
2025-04-10 00:00:00+05:30,4.43049,4.50349,4.34833,4.40994
2025-04-11 00:00:00+05:30,4.40976,4.59883,4.3616,4.56947
2025-04-12 00:00:00+05:30,4.56991,4.59322,4.56966,4.58916
2025-04-14 00:00:00+05:30,4.62884,4.71641,4.55977,4.70807
2025-04-15 00:00:00+05:30,4.70802,4.72705,4.57759,4.66678
2025-04-16 00:00:00+05:30,4.66658,4.73769,4.58294,4.71624
2025-04-17 00:00:00+05:30,4.71599,4.79202,4.60856,4.74152
2025-04-18 00:00:00+05:30,4.74098,4.75023,4.7327,4.74705
2025-04-21 00:00:00+05:30,4.74179,4.84954,4.72913,4.75876
2025-04-22 00:00:00+05:30,4.75924,4.93616,4.75841,4.89399
2025-04-23 00:00:00+05:30,4.89376,4.97789,4.87239,4.87639
2025-04-24 00:00:00+05:30,4.87663,4.93018,4.85682,4.91375
2025-04-25 00:00:00+05:30,4.914,4.94241,4.78734,4.88822
2025-04-26 00:00:00+05:30,4.88846,4.9018,4.87824,4.89704
2025-04-28 00:00:00+05:30,4.8911,4.91712,4.82474,4.89826
2025-04-29 00:00:00+05:30,4.89876,4.96296,4.84502,4.85179
2025-04-30 00:00:00+05:30,4.8518,4.86537,4.52592,4.60233
2025-05-01 00:00:00+05:30,4.60257,4.68385,4.59485,4.63361
2025-05-02 00:00:00+05:30,4.63339,4.7442,4.61959,4.67896
2025-05-03 00:00:00+05:30,4.67875,4.70606,4.67649,4.69907
2025-05-05 00:00:00+05:30,4.7042,4.76957,4.6678,4.70258
2025-05-06 00:00:00+05:30,4.70236,4.79766,4.67809,4.77066
2025-05-07 00:00:00+05:30,4.77041,4.81274,4.64123,4.66098
2025-05-08 00:00:00+05:30,4.66119,4.68336,4.55027,4.60825
2025-05-09 00:00:00+05:30,4.60829,4.74653,4.48575,4.66004
2025-05-10 00:00:00+05:30,4.66029,4.6732,4.65482,4.66011
2025-05-12 00:00:00+05:30,4.69823,4.73723,4.60141,4.62529
2025-05-13 00:00:00+05:30,4.62485,4.74266,4.61633,4.72772
2025-05-14 00:00:00+05:30,4.72747,4.74834,4.64067,4.65167
2025-05-15 00:00:00+05:30,4.65185,4.72006,4.58499,4.70084
2025-05-16 00:00:00+05:30,4.70134,4.71104,4.58461,4.60474
2025-05-17 00:00:00+05:30,4.60499,4.60889,4.5931,4.60664
2025-05-19 00:00:00+05:30,4.60639,4.69407,4.57793,4.68066
2025-05-20 00:00:00+05:30,4.68082,4.68726,4.60379,4.67394
2025-05-21 00:00:00+05:30,4.67384,4.7309,4.66931,4.69205
2025-05-22 00:00:00+05:30,4.69221,4.76241,4.59322,4.71422
2025-05-23 00:00:00+05:30,4.71437,4.90907,4.65008,4.87899
2025-05-24 00:00:00+05:30,4.87849,4.89326,4.87535,4.88356
2025-05-26 00:00:00+05:30,4.8935,4.9085,4.86636,4.87647
